{
  "version": 1,
  "author": "Anonymous maker",
  "editor": "wokwi",
  "parts": [
    { "type": "wokwi-breadboard", "id": "bb1", "top": -204.6, "left": -160.4, "attrs": {} },
    { "type": "wokwi-arduino-uno", "id": "uno", "top": 19.8, "left": -10.2, "attrs": {} },
    {
      "type": "wokwi-pushbutton",
      "id": "btn1",
      "top": -124.9,
      "left": 147.5,
      "rotate": 90,
      "attrs": { "color": "black", "key": "4" }
    },
    {
      "type": "wokwi-pushbutton",
      "id": "btn2",
      "top": -124.9,
      "left": -6.1,
      "rotate": 90,
      "attrs": { "color": "green", "key": "1" }
    },
    {
      "type": "wokwi-pushbutton",
      "id": "btn3",
      "top": -124.9,
      "left": 41.9,
      "rotate": 90,
      "attrs": { "color": "blue", "key": "2" }
    },
    {
      "type": "wokwi-pushbutton",
      "id": "btn4",
      "top": -124.9,
      "left": 89.9,
      "rotate": 90,
      "attrs": { "color": "yellow", "key": "3" }
    },
    {
      "type": "wokwi-resistor",
      "id": "r1",
      "top": -120,
      "left": -86.95,
      "rotate": 90,
      "attrs": { "value": "330" }
    },
    {
      "type": "wokwi-resistor",
      "id": "r2",
      "top": -120,
      "left": -67.75,
      "rotate": 90,
      "attrs": { "value": "330" }
    },
    {
      "type": "wokwi-led",
      "id": "led1",
      "top": -202.8,
      "left": -41.4,
      "rotate": 90,
      "attrs": { "color": "red" }
    },
    {
      "type": "wokwi-led",
      "id": "led2",
      "top": -202.8,
      "left": -60.6,
      "rotate": 90,
      "attrs": { "color": "red" }
    }
  ],
  "connections": [
    [ "bb1:11b.j", "uno:8", "blue", [ "v57.6", "h201.6", "v9.6" ] ],
    [ "bb1:9b.j", "uno:9", "blue", [ "v67.2", "h211.2" ] ],
    [ "bb1:35b.i", "uno:2", "magenta", [ "v57.6", "h38.4" ] ],
    [ "bb1:29b.i", "uno:3", "magenta", [ "v57.6", "h76.8" ] ],
    [ "bb1:24b.i", "uno:4", "magenta", [ "v57.6", "h9.6" ] ],
    [ "bb1:19b.i", "uno:5", "magenta", [ "v57.6", "h9.6" ] ],
    [ "bb1:17b.i", "bb1:bn.13", "purple", [ "v0" ] ],
    [ "bb1:22b.i", "bb1:bn.17", "purple", [ "v0" ] ],
    [ "bb1:27b.i", "bb1:bn.21", "purple", [ "v0" ] ],
    [ "bb1:33b.i", "bb1:bn.26", "purple", [ "v0" ] ],
    [ "bb1:bn.12", "uno:GND.1", "green", [ "v56.3", "h95.2" ] ],
    [ "bb1:tp.1", "uno:5V", "black", [ "v0.3", "h-77.6", "v432", "h345.6", "v-38.4" ] ],
    [ "bb1:tn.1", "bb1:bn.1", "red", [ "v0" ] ],
    [ "r2:1", "bb1:11t.b", "", [ "$bb" ] ],
    [ "r2:2", "bb1:11b.f", "", [ "$bb" ] ],
    [ "r1:1", "bb1:9t.b", "", [ "$bb" ] ],
    [ "r1:2", "bb1:9b.f", "", [ "$bb" ] ],
    [ "btn2:1.l", "bb1:19t.c", "", [ "$bb" ] ],
    [ "btn2:2.l", "bb1:17t.c", "", [ "$bb" ] ],
    [ "btn2:1.r", "bb1:19b.h", "", [ "$bb" ] ],
    [ "btn2:2.r", "bb1:17b.h", "", [ "$bb" ] ],
    [ "btn3:1.l", "bb1:24t.c", "", [ "$bb" ] ],
    [ "btn3:2.l", "bb1:22t.c", "", [ "$bb" ] ],
    [ "btn3:1.r", "bb1:24b.h", "", [ "$bb" ] ],
    [ "btn3:2.r", "bb1:22b.h", "", [ "$bb" ] ],
    [ "btn4:1.l", "bb1:29t.c", "", [ "$bb" ] ],
    [ "btn4:2.l", "bb1:27t.c", "", [ "$bb" ] ],
    [ "btn4:1.r", "bb1:29b.h", "", [ "$bb" ] ],
    [ "btn4:2.r", "bb1:27b.h", "", [ "$bb" ] ],
    [ "btn1:1.l", "bb1:35t.c", "", [ "$bb" ] ],
    [ "btn1:2.l", "bb1:33t.c", "", [ "$bb" ] ],
    [ "btn1:1.r", "bb1:35b.h", "", [ "$bb" ] ],
    [ "btn1:2.r", "bb1:33b.h", "", [ "$bb" ] ],
    [ "led1:C", "bb1:tn.8", "", [ "$bb" ] ],
    [ "led1:A", "bb1:11t.a", "green", [ "h0" ] ],
    [ "led2:C", "bb1:tn.6", "", [ "$bb" ] ],
    [ "led2:A", "bb1:9t.a", "green", [ "h0" ] ]
  ],
  "dependencies": {}
}