{
  "version": 1,
  "author": "Anonymous maker",
  "editor": "wokwi",
  "parts": [
    { "type": "wokwi-breadboard", "id": "bb1", "top": -89.4, "left": -122, "attrs": {} },
    { "type": "wokwi-arduino-uno", "id": "uno", "top": 125.4, "left": -19.8, "attrs": {} },
    {
      "type": "wokwi-led",
      "id": "led1",
      "top": -87.6,
      "left": 131.4,
      "rotate": 90,
      "attrs": { "color": "green" }
    },
    {
      "type": "wokwi-led",
      "id": "led2",
      "top": -87.6,
      "left": 112.2,
      "rotate": 90,
      "attrs": { "color": "red" }
    },
    {
      "type": "wokwi-led",
      "id": "led3",
      "top": -87.6,
      "left": 93,
      "rotate": 90,
      "attrs": { "color": "orange" }
    },
    {
      "type": "wokwi-resistor",
      "id": "r1",
      "top": 4.8,
      "left": 105.05,
      "rotate": 90,
      "attrs": { "value": "330" }
    },
    {
      "type": "wokwi-resistor",
      "id": "r2",
      "top": 4.8,
      "left": 85.85,
      "rotate": 90,
      "attrs": { "value": "330" }
    },
    {
      "type": "wokwi-resistor",
      "id": "r3",
      "top": 4.8,
      "left": 66.65,
      "rotate": 90,
      "attrs": { "value": "330" }
    },
    {
      "type": "wokwi-pushbutton",
      "id": "btn1",
      "top": -19.3,
      "left": 147.5,
      "rotate": 90,
      "attrs": { "color": "blue", "bounce": "0", "key": "ArrowUp" }
    },
    {
      "type": "wokwi-pushbutton",
      "id": "btn2",
      "top": -19.3,
      "left": 310.7,
      "rotate": 90,
      "attrs": { "color": "green", "bounce": "0", "key": "ArrowRight" }
    },
    {
      "type": "wokwi-pushbutton",
      "id": "btn3",
      "top": -19.3,
      "left": 195.5,
      "rotate": 90,
      "attrs": { "color": "white", "bounce": "0", "key": "ArrowLeft" }
    },
    {
      "type": "wokwi-pushbutton",
      "id": "btn4",
      "top": -19.3,
      "left": 253.1,
      "rotate": 90,
      "attrs": { "color": "yellow", "bounce": "0", "key": "ArrowDown" }
    }
  ],
  "connections": [
    [ "bb1:bn.10", "uno:GND.1", "green", [ "v0" ] ],
    [ "bb1:tn.1", "bb1:bn.1", "green", [ "v0" ] ],
    [ "led1:A", "bb1:25t.a", "magenta", [ "h0" ] ],
    [ "led2:A", "bb1:23t.a", "green", [ "h0" ] ],
    [ "bb1:21b.j", "uno:10", "orange", [ "v0" ] ],
    [ "bb1:tp.1", "uno:5V", "green", [ "v0.3", "h-29.6", "v422.4", "h240" ] ],
    [ "bb1:48b.i", "uno:2", "green", [ "v76.8", "h-57.6" ] ],
    [ "bb1:42b.h", "uno:3", "green", [ "v76.8", "h-86.4" ] ],
    [ "bb1:36b.h", "uno:4", "green", [ "v67.2", "h-19.2" ] ],
    [ "bb1:31b.h", "uno:5", "green", [ "v0" ] ],
    [ "uno:8", "bb1:25b.j", "green", [ "v-57.6", "h0.4" ] ],
    [ "uno:9", "bb1:23b.j", "red", [ "v-48", "h0.8" ] ],
    [ "led3:A", "bb1:21t.a", "gold", [ "h0" ] ],
    [ "bb1:29b.j", "bb1:bn.23", "green", [ "v0" ] ],
    [ "bb1:34b.j", "bb1:bn.27", "green", [ "v0" ] ],
    [ "bb1:40b.j", "bb1:bn.32", "green", [ "v0" ] ],
    [ "bb1:46b.j", "bb1:bn.37", "green", [ "v0" ] ],
    [ "led1:C", "bb1:tn.20", "", [ "$bb" ] ],
    [ "led2:C", "bb1:tn.18", "", [ "$bb" ] ],
    [ "r1:1", "bb1:25t.c", "", [ "$bb" ] ],
    [ "r1:2", "bb1:25b.g", "", [ "$bb" ] ],
    [ "r2:1", "bb1:23t.c", "", [ "$bb" ] ],
    [ "r2:2", "bb1:23b.g", "", [ "$bb" ] ],
    [ "r3:1", "bb1:21t.c", "", [ "$bb" ] ],
    [ "r3:2", "bb1:21b.g", "", [ "$bb" ] ],
    [ "btn4:1.l", "bb1:42t.b", "", [ "$bb" ] ],
    [ "btn4:2.l", "bb1:40t.b", "", [ "$bb" ] ],
    [ "btn4:1.r", "bb1:42b.g", "", [ "$bb" ] ],
    [ "btn4:2.r", "bb1:40b.g", "", [ "$bb" ] ],
    [ "led3:C", "bb1:tn.16", "", [ "$bb" ] ],
    [ "btn1:1.l", "bb1:31t.b", "", [ "$bb" ] ],
    [ "btn1:2.l", "bb1:29t.b", "", [ "$bb" ] ],
    [ "btn1:1.r", "bb1:31b.g", "", [ "$bb" ] ],
    [ "btn1:2.r", "bb1:29b.g", "", [ "$bb" ] ],
    [ "btn2:1.l", "bb1:48t.b", "", [ "$bb" ] ],
    [ "btn2:2.l", "bb1:46t.b", "", [ "$bb" ] ],
    [ "btn2:1.r", "bb1:48b.g", "", [ "$bb" ] ],
    [ "btn2:2.r", "bb1:46b.g", "", [ "$bb" ] ],
    [ "btn3:1.l", "bb1:36t.b", "", [ "$bb" ] ],
    [ "btn3:2.l", "bb1:34t.b", "", [ "$bb" ] ],
    [ "btn3:1.r", "bb1:36b.g", "", [ "$bb" ] ],
    [ "btn3:2.r", "bb1:34b.g", "", [ "$bb" ] ]
  ],
  "dependencies": {}
}